learning evaluation instances,evaluation time (cpu seconds),average chunk train time,average chunk train speed,average chunk test time,average chunk test speed,model cost (RAM-Hours),classified instances,classifications correct (percent),Kappa Statistic (percent),Kappa Temporal Statistic (percent),Kappa M Statistic (percent),F1 Score (percent),F1 Score for class 0 (percent),F1 Score for class 1 (percent),Precision (percent),Precision for class 0 (percent),Precision for class 1 (percent),Recall (percent),Recall for class 0 (percent),Recall for class 1 (percent),model training instances,model serialized size (bytes),ensemble size,[avg] model training instances,[err] model training instances,[avg] model serialized size (bytes),[err] model serialized size (bytes),[avg] tree size (nodes),[err] tree size (nodes),[avg] tree size (leaves),[err] tree size (leaves),[avg] active learning leaves,[err] active learning leaves,[avg] tree depth,[err] tree depth,[avg] active leaf byte size estimate,[err] active leaf byte size estimate,[avg] inactive leaf byte size estimate,[err] inactive leaf byte size estimate,[avg] byte size estimate overhead,[err] byte size estimate overhead
2000.0,0.280846,0.156472,6390.919781174906,0.091837,10888.85743218964,1.0243603125628497E-8,1000.0,87.0,71.30306174256638,72.57383966244726,65.05376344086021,85.9521426878836,81.1046511627907,90.09146341463415,87.42440041710114,88.57142857142857,86.27737226277372,84.52865040984132,74.79892761394102,94.25837320574163,0.0,159464.0,10.0,1504.5,700.7428201558686,1888.0,0.0,1.0,0.0,1.0,0.0,1.0,0.0,0.0,0.0,0.0,0.0,0.0,0.0,1.0,0.0
3000.0,0.372531,0.007896,126646.40324214792,0.06191,16152.479405588758,1.3260010983794927E-8,2000.0,87.6,72.29629116597984,73.53255069370331,65.45961002785515,86.34384993965158,81.57503714710252,90.65561416729464,87.58908129092512,87.5598086124402,87.61835396941005,85.13352854765108,76.35605006954103,93.91100702576112,0.0,167032.0,10.0,2018.0,998.6626056882275,1888.0,0.0,1.0,0.0,1.0,0.0,1.0,0.0,0.0,0.0,0.0,0.0,0.0,0.0,1.0,0.0
4000.0,0.470021,0.009704,103050.2885408079,0.069269,14436.472303627887,1.695006297694312E-8,3000.0,87.86666666666667,73.08428906290439,74.05559515324306,66.90909090909092,86.79153522654836,82.20918866080157,90.79413252402631,88.17132043409416,88.99470899470899,87.34793187347933,85.45426891824607,76.38510445049954,94.52343338599263,0.0,180616.0,10.0,2522.5,1313.5340371176785,2828.0,1880.0000000000002,2.0,2.0,1.5,1.0,1.5,1.0,0.5,1.0,0.0,0.0,0.0,0.0,1.0,0.0
5000.0,0.599441,0.005905,169348.01016088063,0.097949,10209.394684989127,2.2167654587990707E-8,4000.0,88.125,73.47776319830257,74.0861974904528,66.87587168758716,86.91838751091984,82.3747680890538,91.04618284637134,88.11696211331248,88.09523809523809,88.13868613138686,85.75198157996617,77.35191637630662,94.15204678362574,0.0,194200.0,10.0,2995.8,1595.3780743134212,3392.0,2059.4368162194246,2.6,2.1908902300206643,1.8,1.0954451150103321,1.8,1.0954451150103321,0.8,1.0954451150103321,0.0,0.0,0.0,0.0,1.0,0.0
6000.0,0.680215,0.004798,208420.17507294705,0.051509,19414.08297579064,2.521616543746657E-8,5000.0,88.06,73.48632213985367,74.30047352561344,67.07115278543851,86.9208796117157,82.48753300088003,90.94219390077379,88.08404568240509,88.15047021943573,88.01762114537445,85.7880328144563,77.50826901874312,94.0677966101695,0.0,209280.0,10.0,3492.666666666667,1853.9943545401284,4013.333333333333,2412.3769744106467,3.333333333333333,2.6583202716502514,2.1666666666666665,1.3291601358251257,2.1666666666666665,1.3291601358251257,1.0,1.0954451150103321,0.0,0.0,0.0,0.0,1.0,0.0
7000.0,0.756794,0.004279,233699.46249123628,0.057946,17257.44658820281,2.876292890765601E-8,6000.0,88.06666666666668,73.55669798499085,74.38282647584974,67.26108824874258,86.9625596789107,82.57059396299903,90.92752154080081,88.13725490196079,88.33333333333333,87.94117647058823,85.81876533452524,77.51371115173674,94.12381951731375,0.0,220328.0,10.0,3977.2857142857138,2147.2532620602933,4305.142857142857,2356.704721185313,3.571428571428571,2.5071326821120348,2.2857142857142856,1.2535663410560174,2.2857142857142856,1.2535663410560174,1.142857142857143,1.0690449676496976,0.0,0.0,0.0,0.0,1.0,0.0
8000.0,0.840173,0.00466,214592.27467811157,0.065224,15331.779712989082,3.310623766440485E-8,7000.0,88.2,73.80669613556806,74.71686562595654,67.4931129476584,87.08330874056576,82.70519262981576,91.04509973980919,88.25483852910669,88.40644583706356,88.10323122114981,85.94247419485438,77.69472856018884,94.19021982951996,0.0,240240.0,10.0,4474.75,2442.9494907356793,5163.0,3114.899677357202,4.499999999999999,3.33809184158512,2.7499999999999996,1.66904592079256,2.7499999999999996,1.66904592079256,1.5,1.3093073414159542,0.0,0.0,0.0,0.0,1.0,0.0
9000.0,0.922483,0.003046,328299.40906106366,0.064048,15613.290032475645,3.756733268706335E-8,8000.0,88.2125,73.85610042806131,74.7320471596999,67.60563380281691,87.11298755578828,82.75105176513627,91.0471850375012,88.2973661180386,88.53228962818004,88.06244260789715,85.95996181491465,77.67857142857143,94.24135220125787,0.0,257016.0,10.0,4980.222222222223,2735.9667294110955,5648.0,3117.627302934076,5.0,3.3166247903554,3.0,1.6583123951777,3.0,1.6583123951777,1.5555555555555554,1.2360330811826103,0.0,0.0,0.0,0.0,1.0,0.0
10000.0,1.010319,0.005178,193124.75859405176,0.067693,14772.576189561696,4.2676768273943E-8,9000.0,88.1111111111111,73.64843565292773,74.529873839562,67.2682777607831,86.9872297678576,82.63550795196365,90.96131103226897,88.09132706714817,88.03596127247579,88.14669286182057,85.9104664008838,77.85932721712538,93.96160558464224,0.0,271032.0,10.0,5478.2,3026.5513120455175,5836.0,3127.060387435245,5.2,3.32665998663324,3.1,1.66332999331662,3.1,1.66332999331662,1.7,1.2516655570345725,0.0,0.0,0.0,0.0,1.0,0.0
11000.0,1.100666,0.00412,242718.44660194172,0.072281,13834.894370581482,4.807134649612837E-8,10000.0,88.22,73.90533662448028,74.7101760412194,67.58392955421023,87.11134881643257,82.81796966161026,91.0377358490566,88.19909211561043,88.14032909034462,88.25785514087625,86.05010853932754,78.10178817056396,93.99842890809113,0.0,272936.0,10.0,5688.8,3355.714323690594,6024.0,3632.5051043781527,5.4,3.8643671323171835,3.1999999999999997,1.9321835661585915,3.1999999999999997,1.9321835661585915,1.9000000000000001,1.5238839267549946,0.0,0.0,0.0,0.0,1.0,0.0
12000.0,1.187986,0.004548,219876.86895338612,0.067787,14752.091108914688,5.324200506839487E-8,11000.0,88.28181818181818,74.05304312659092,74.85859176906573,67.75887943971986,87.18090146990986,82.92489071400185,91.08020206214104,88.25229227715286,88.16901408450704,88.33557046979867,86.1352122061368,78.26956739184796,94.00085702042566,0.0,276312.0,10.0,6205.7,3819.3411895537984,6212.0,3659.432864377879,5.6,3.893013685508382,3.3,1.946506842754191,3.3,1.946506842754191,1.9000000000000001,1.5238839267549946,0.0,0.0,0.0,0.0,1.0,0.0
13000.0,1.272335,0.003322,301023.47983142687,0.067232,14873.86958591147,5.8218477314545045E-8,12000.0,88.28333333333333,74.02211316806336,74.87939967839915,67.69301470588236,87.1684834146621,82.87871407696055,91.09450215353434,88.25706956355748,88.18346721948691,88.33067190762806,86.10642390086986,78.17597059499197,94.03687720674775,0.0,272648.0,10.0,6088.9,3858.1903486824835,5995.2,3278.8511809270435,5.4,3.5023801430836525,3.2,1.7511900715418267,3.2,1.7511900715418267,1.7,1.3374935098492586,0.0,0.0,0.0,0.0,1.0,0.0
14000.0,1.352179,0.002334,428449.01456726645,0.064023,15619.386782874904,6.303171823008193E-8,13000.0,88.3,74.04525306541142,74.89270386266095,67.69328802039082,87.17781918877974,82.88511308653088,91.11202010167709,88.26110503800552,88.15222594542843,88.36998413058264,86.12080266031329,78.21193459333192,94.02967072729466,0.0,280384.0,10.0,6706.5,4286.421487285947,6759.2,3768.1886246724844,6.2,4.022160834399561,3.6,2.0110804171997807,3.6,2.0110804171997807,1.8,1.398411797560202,0.0,0.0,0.0,0.0,1.0,0.0
15000.0,1.431407,0.003229,309693.4035305048,0.063737,15689.473931939061,6.79047943237755E-8,14000.0,88.27142857142857,73.98835133468114,74.95041952707857,67.66443481685702,87.15587453412007,82.8493837476499,91.08867904048626,88.2608708372562,88.2313681868743,88.29037348763808,86.07820447687659,78.0862374483166,94.0701715054366,0.0,281288.0,10.0,7012.9,4789.833665634375,6776.0,3883.3113017973033,6.2,4.131182235954578,3.6,2.065591117977289,3.6,2.065591117977289,1.9000000000000001,1.4491376746189437,0.0,0.0,0.0,0.0,1.0,0.0
16000.0,1.509091,0.002966,337154.4167228591,0.062539,15990.022226130895,7.263928876775834E-8,15000.0,88.24,73.8500174570405,74.7711670480549,67.41178644005171,87.08748164295106,82.70927269162908,91.09000909182747,88.20710216591223,88.11612364243943,88.29808068938505,85.99592775173683,77.92759512375324,94.06426037972042,0.0,279384.0,10.0,7521.700000000001,5250.719676598839,6588.0,3888.364409077135,6.000000000000001,4.136557881996953,3.500000000000001,2.0682789409984763,3.500000000000001,2.0682789409984763,1.9000000000000001,1.4491376746189437,0.0,0.0,0.0,0.0,1.0,0.0
17000.0,1.59267,0.002941,340020.40122407343,0.068341,14632.504645820225,7.779929290422135E-8,16000.0,88.26875,73.91282442840922,74.8761879266497,67.49220644267405,87.1196531278293,82.7497472658763,91.11226857332261,88.24272405002922,88.1707794751273,88.31466862493116,86.02480974608113,77.95670995670996,94.09290953545232,0.0,279816.0,10.0,8036.4,5742.460606936909,6776.0,4268.6995157255515,6.2,4.541169697580373,3.6,2.2705848487901865,3.6,2.2705848487901865,1.9000000000000001,1.4491376746189437,0.0,0.0,0.0,0.0,1.0,0.0
18000.0,1.671197,0.003041,328839.19763235777,0.0633,15797.788309636651,8.271022904457318E-8,17000.0,88.25294117647059,73.8231747861834,74.79171926281242,67.32657068062828,87.07731914584224,82.65137694379288,91.12010316154564,88.21879575259443,88.12523156724713,88.31235993794174,85.9650046893244,77.81776541796172,94.11224396068705,0.0,286144.0,10.0,8546.900000000001,6267.714973488256,7328.0,4716.081235753072,6.8,5.028805910838963,3.9,2.5144029554194813,3.9,2.5144029554194813,1.9000000000000001,1.4491376746189437,0.0,0.0,0.0,0.0,1.0,0.0
19000.0,1.765499,0.002824,354107.64872521244,0.077197,12953.871264427375,8.869991533458233E-8,18000.0,88.28333333333333,73.8751893329622,74.81490327203248,67.40843764487715,87.11076818942487,82.67192506778407,91.14943975827772,88.28207530992897,88.27864537638183,88.28550524347614,85.97013537844975,77.73485784919654,94.20541290770298,0.0,289336.0,10.0,9047.5,6757.442386814046,7715.999999999999,4890.409662458418,7.2,5.202563470700446,4.1000000000000005,2.601281735350223,4.1000000000000005,2.601281735350223,1.9000000000000001,1.4491376746189437,0.0,0.0,0.0,0.0,1.0,0.0
20000.0,1.848893,0.002966,337154.4167228591,0.064798,15432.575079477763,9.403454559544722E-8,19000.0,88.18421052631578,73.64920467115861,74.6184284906727,67.13992974238874,87.00122631683031,82.51693793318277,91.07675185818196,88.18373019061613,88.18242343541944,88.18503694581281,85.85001648662052,77.53548953607493,94.1645434371661,0.0,304304.0,10.0,9959.0,6890.859727042613,9048.0,5739.1288537547225,8.8,6.285786435372358,4.9,3.142893217686179,4.9,3.142893217686179,2.3,1.4944341180973262,0.0,0.0,0.0,0.0,1.0,0.0
21000.0,1.930834,0.00308,324675.32467532466,0.063635,15714.622456195491,9.950751272754537E-8,20000.0,88.155,73.54313290181128,74.49671654645277,66.91802820835078,86.93985396156073,82.4219039845663,91.06812954793952,88.09961782916203,87.94932699920824,88.24990865911582,85.8102281523467,77.54817090198269,94.0722854027107,0.0,317104.0,10.0,10470.5,7445.843303481481,10312.0,7214.508838290918,10.000000000000002,7.731609003162136,5.5,3.865804501581067,5.5,3.865804501581067,2.5,1.7795130420052185,0.0,0.0,0.0,0.0,1.0,0.0
22000.0,2.01067,0.002461,406338.8866314506,0.060478,16534.93832468005,1.04919900883817E-7,21000.0,88.18571428571428,73.59739860414913,74.51463790446842,66.97284345047925,86.96793154981813,82.44782454899186,91.09635743764578,88.13415757042486,87.99456357595894,88.2737515648908,85.83216638674523,77.55889791028883,94.1054348632016,0.0,332408.0,10.0,11364.599999999999,7593.931571400358,11823.2,8085.346921712417,11.600000000000001,8.64355893779357,6.300000000000001,4.321779468896786,6.300000000000001,4.321779468896786,2.7,1.7029386365926402,0.0,0.0,0.0,0.0,1.0,0.0
23000.0,2.087596,0.002812,355618.77667140827,0.058326,17145.012515859136,1.1023055676163898E-7,22000.0,88.28181818181818,73.82123094846729,74.68578161822467,67.24269377382466,87.07605447195171,82.60458839406209,91.16518163125428,88.22874104095388,88.08461649158153,88.37286559032623,85.95309860566681,77.76648456358785,94.13971264774577,0.0,335768.0,10.0,11866.0,8214.11537131865,12228.000000000002,8465.800480626613,12.0,9.006170724070863,6.5,4.503085362035431,6.5,4.503085362035431,2.7,1.7029386365926402,0.0,0.0,0.0,0.0,1.0,0.0
24000.0,2.148879,0.001952,512295.08196721313,0.04519,22128.78955521133,1.1432020365984903E-7,23000.0,88.26521739130435,73.8238660796655,74.69766569794695,67.30070268960505,87.07859890314111,82.63303519722025,91.1389080403165,88.22839762958883,88.12791655229206,88.32887870688559,85.95838316595119,77.78316172016959,94.13360461173279,0.0,335336.0,10.0,12156.999999999998,8926.650584999205,12039.999999999998,9175.906615818527,11.799999999999999,9.761602782785666,6.3999999999999995,4.880801391392833,6.3999999999999995,4.880801391392833,2.6,1.9550504398153572,0.0,0.0,0.0,0.0,1.0,0.0
25000.0,2.201448,0.002546,392772.9772191673,0.039622,25238.50386149109,1.1789526566656099E-7,24000.0,88.32916666666667,74.01355334057581,74.89468495115175,67.59227120212891,87.17315917327404,82.79166922651594,91.17044415723609,88.31460656979048,88.27459714398009,88.35461599560091,86.06084121185442,77.95002313743638,94.17165928627247,0.0,327720.0,10.0,11508.1,9560.142019516934,11288.0,9379.087849513347,11.0,9.977753031397176,6.0,4.988876515698588,6.0,4.988876515698588,2.4,1.8973665961010275,0.0,0.0,0.0,0.0,1.0,0.0
26000.0,2.272433,0.002401,416493.12786339025,0.057555,17374.685083832854,1.2302606793534424E-7,25000.0,88.288,73.89838936802381,74.78253380415123,67.41960609769667,87.11529468911152,82.69912550224534,91.14765993469585,88.25923255712837,88.1804435483871,88.33802156586967,86.00063081304954,77.85936804628393,94.14189357981513,0.0,330792.0,10.0,12404.199999999999,9693.839519108113,11664.0,9029.220712036375,11.4,9.605553948974867,6.2,4.802776974487434,6.2,4.802776974487434,2.6,1.7126976771553504,0.0,0.0,0.0,0.0,1.0,0.0
27000.0,2.34159,0.002251,444247.001332741,0.055669,17963.31890280048,1.2810418697487977E-7,26000.0,88.31153846153846,73.95904706683241,74.83021368229254,67.49732620320856,87.1440914379369,82.74569919945496,91.16235786779889,88.28147383365051,88.19898329702252,88.36396437027851,86.0356434027962,77.9274943856272,94.14379241996517,0.0,338904.0,10.0,12698.900000000001,10370.181316854807,12392.0,9519.98506067922,12.200000000000001,10.163114133418404,6.6,5.081557066709202,6.6,5.081557066709202,2.7,1.8287822299126937,0.0,0.0,0.0,0.0,1.0,0.0
28000.0,2.402634,0.00183,546448.087431694,0.04875,20512.82051282051,1.325475668389764E-7,27000.0,88.35925925925926,74.07054288762333,74.89416087546928,67.60795630217459,87.19307522466664,82.8260750778646,91.19583181601726,88.30581481109567,88.15865999767361,88.45296962451773,86.10802987676672,78.10181368507831,94.11424606845513,0.0,339576.0,10.0,13085.8,10963.126204590448,12604.0,10710.318181807464,12.399999999999999,11.393955512561131,6.699999999999999,5.696977756280566,6.699999999999999,5.696977756280566,2.5,2.0138409955990952,0.0,0.0,0.0,0.0,1.0,0.0
29000.0,2.475988,0.002101,475963.82674916706,0.058208,17179.769103903243,1.3793736493628886E-7,28000.0,88.38928571428572,74.13797149576475,74.93059839605183,67.69995032290113,87.22830646929121,82.87054112440066,91.21849760946489,88.34701315783573,88.23067429597218,88.46335201969927,86.13757708103876,78.12437909795351,94.15077506412402,0.0,345456.0,10.0,13495.1,11537.001058911857,13184.000000000002,10830.41314488459,13.2,11.679041056525145,7.1,5.839520528262573,7.1,5.839520528262573,2.6,2.065591117977289,0.0,0.0,0.0,0.0,1.0,0.0
30000.0,2.544574,0.002166,461680.51708217914,0.05191,19264.110961279137,1.4286659319574633E-7,29000.0,88.35862068965518,74.06800606079308,74.86786272612224,67.61320030698388,87.19369198796872,82.82283504630101,91.19595264173577,88.31350680537578,88.18940296890237,88.43761064184918,86.10192007901081,78.07194244604317,94.13189771197847,0.0,352352.0,10.0,14104.000000000004,11962.142589575387,13720.0,11175.318837112036,13.6,11.89023876033521,7.3,5.945119380167605,7.3,5.945119380167605,2.6,2.065591117977289,0.0,0.0,0.0,0.0,1.0,0.0
31000.0,2.602297,0.00157,636942.6751592357,0.044791,22325.913688017685,1.4715081158611508E-7,30000.0,88.36333333333334,74.07972582334381,74.87766263673001,67.61595547309834,87.19691002634232,82.83255470863044,91.19878986512039,88.3069252344274,88.15155955620682,88.46229091264796,86.11445410973113,78.11891290232818,94.10999531713409,0.0,357208.0,10.0,14704.699999999999,12390.626197519907,14271.999999999996,11465.987576790369,14.2,12.227473619317733,7.6000000000000005,6.1137368096588665,7.6000000000000005,6.1137368096588665,2.7,2.057506581601462,0.0,0.0,0.0,0.0,1.0,0.0
32000.0,2.659512,0.001888,529661.0169491526,0.041295,24216.0067804819,1.5130034351100522E-7,31000.0,88.38709677419355,74.10873868535062,74.89364669781715,67.61424973011876,87.20981839202126,82.83589205683228,91.22507678057816,88.31854858535613,88.13026275743127,88.50683441328098,86.1285805401375,78.14158495997121,94.11557612030379,0.0,371440.0,10.0,15600.899999999998,12508.334052409484,15604.0,12075.163859021633,15.799999999999999,13.104706533659321,8.399999999999999,6.552353266829661,8.399999999999999,6.552353266829661,3.1,2.0789954839350235,0.0,0.0,0.0,0.0,1.0,0.0
33000.0,2.729015,0.001923,520020.8008320333,0.051554,19397.13698258137,1.564723579275111E-7,32000.0,88.41875,74.15807439128409,74.9509969584319,67.63318777292577,87.23134773268936,82.85529237601776,91.25613439033597,88.33261039426067,88.09640924741761,88.56881154110373,86.15720632637252,78.2027770500393,94.11163560270572,0.0,373848.0,10.0,16200.499999999998,12992.396180073943,15988.000000000002,12159.594291477546,16.0,12.935738607954837,8.5,6.467869303977419,8.5,6.467869303977419,3.1,2.0789954839350235,0.0,0.0,0.0,0.0,1.0,0.0
34000.0,2.789368,0.002504,399361.0223642172,0.042615,23465.915757362432,1.6080521558721856E-7,33000.0,88.42727272727274,74.15899139890374,74.94916366021647,67.59989819292443,87.22945839197226,82.84443645838012,91.26866183497565,88.32511778697925,88.04545020528978,88.6047853686687,86.16064889802182,78.22361723786901,94.09768055817463,0.0,371208.0,10.0,16592.0,13626.355312816084,15800.0,13031.050780518217,15.799999999999999,13.862819979274699,8.399999999999999,6.931409989637349,8.399999999999999,6.931409989637349,2.9000000000000004,2.282785822435191,0.0,0.0,0.0,0.0,1.0,0.0
35000.0,2.852948,0.001524,656167.9790026246,0.049084,20373.237714937655,1.657305485506852E-7,34000.0,88.46470588235294,74.25785131287971,75.03024129369072,67.75466578969005,87.28138153014238,82.9196063060709,91.29179803721303,88.38445277764487,88.16447490275976,88.60443065252996,86.20550437903094,78.26372903650115,94.14727972156072,0.0,376200.0,10.0,17095.9,14165.00750637131,16147.199999999999,12990.088091395772,16.2,13.830722645215937,8.6,6.915361322607969,8.6,6.915361322607969,2.9000000000000004,2.282785822435191,0.0,0.0,0.0,0.0,1.0,0.0
36000.0,2.928345,0.002278,438981.56277436344,0.054985,18186.7782122397,1.7149081616558957E-7,35000.0,88.46571428571428,74.27008476145545,75.075631289745,67.77360900455017,87.28583488856549,82.93528342562456,91.28886779017327,88.38094037959198,88.14808158864228,88.61379917054167,86.21753558962776,78.30459770114942,94.1304734781061,0.0,388840.0,10.0,17998.5,14293.324994167344,17468.0,13450.012804620093,17.6,14.331007563244738,9.3,7.165503781622369,9.3,7.165503781622369,3.1,2.0789954839350235,0.0,0.0,0.0,0.0,1.0,0.0
37000.0,3.000222,0.001509,662690.5235255136,0.050308,19877.554265723145,1.7675751711345376E-7,36000.0,88.48888888888888,74.30522178471998,75.12903613011642,67.80609073958979,87.30516798453367,82.94650205761317,91.31236897274634,88.41017709279429,88.19462676117966,88.62572742440891,86.22744017190922,78.2878893808747,94.16699096294374,0.0,392888.0,10.0,18502.100000000002,14892.594979086456,17868.0,13447.805273228292,18.0,14.30617582258329,9.5,7.153087911291645,9.5,7.153087911291645,3.1999999999999997,2.1499353995462798,0.0,0.0,0.0,0.0,1.0,0.0
38000.0,3.058814,0.001511,661813.3686300464,0.043338,23074.438137431353,1.8133612959335242E-7,37000.0,88.47837837837838,74.29163630622642,75.09784450026285,67.7972503399305,87.29757062585055,82.94458891778355,91.30088766452403,88.39766411299011,88.17625042531473,88.61907780066551,86.22452151865743,78.29896517863887,94.15007785867598,0.0,394624.0,10.0,19403.8,15005.447024330862,18039.2,13656.530589184551,18.2,14.551059526142188,9.6,7.275529763071094,9.6,7.275529763071094,3.1999999999999997,2.1499353995462798,0.0,0.0,0.0,0.0,1.0,0.0
39000.0,3.117195,0.001672,598086.1244019138,0.042755,23389.077300900477,1.8589050930614267E-7,38000.0,88.48157894736842,74.30548494830923,75.07261233555442,67.81617647058825,87.30322072759726,82.95892544286549,91.30080492894763,88.39740826919287,88.16617014233698,88.62864639604877,86.235789807455,78.33247555326814,94.13910406164186,0.0,396264.0,10.0,19802.399999999998,15712.807869873403,18056.0,13677.995954573658,18.2,14.551059526142188,9.6,7.275529763071094,9.6,7.275529763071094,3.1999999999999997,2.1499353995462798,0.0,0.0,0.0,0.0,1.0,0.0
40000.0,3.184631,0.001896,527426.1603375528,0.053099,18832.746379404507,1.9153030337144926E-7,39000.0,88.5051282051282,74.36567444504779,75.11380037748417,67.88451894834873,87.3302543839507,83.0054209788089,91.31554987311365,88.41192193235044,88.1552459940414,88.6685978706595,86.27473406446533,78.42406876790831,94.12539936102236,0.0,396408.0,10.0,20395.199999999997,16207.847768562266,18215.199999999997,14312.994661417915,18.400000000000002,15.233005102226038,9.700000000000001,7.616502551113019,9.700000000000001,7.616502551113019,3.1,2.4244128727957577,0.0,0.0,0.0,0.0,1.0,0.0
41000.0,3.256067,0.002082,480307.39673390967,0.054984,18187.108977156993,1.9739759795367712E-7,40000.0,88.5275,74.39598087981794,75.15026804570314,67.90011191941804,87.34579794765288,83.01188316736386,91.33938513220224,88.43269407122565,88.17238125196603,88.69300689048526,86.28529477741841,78.42204658319926,94.14854297163755,0.0,397432.0,10.0,20692.7,16967.248935981213,18244.0,14644.43709323707,18.4,15.579188397060712,9.7,7.789594198530356,9.7,7.789594198530356,3.1,2.4244128727957577,0.0,0.0,0.0,0.0,1.0,0.0
42000.0,3.335727,0.002473,404367.1653861707,0.058589,17068.050316612334,2.0373134971906735E-7,41000.0,88.55121951219512,74.44559275704495,75.1784675585638,67.95029359552096,87.36917695593081,83.04313272162418,91.35829743363158,88.45158727986947,88.17798235519754,88.72519220454139,86.31293796669685,78.47340752372499,94.15246840966873,0.0,400952.0,10.0,21280.500000000004,17462.98369090715,18591.199999999997,14551.58411231498,18.8,15.476146520084098,9.9,7.738073260042049,9.9,7.738073260042049,3.1999999999999997,2.440400695696417,0.0,0.0,0.0,0.0,1.0,0.0
43000.0,3.400277,0.001668,599520.3836930456,0.047774,20931.887637627162,2.0895506374124017E-7,42000.0,88.57619047619048,74.49647819645556,75.24379546979,67.99412981122008,87.39205269097857,83.07464371384225,91.37856680802126,88.46582510611725,88.16262353998204,88.76902667225248,86.34403395871163,78.54188900747066,94.14617890995261,0.0,408400.0,10.0,22174.4,17590.356778644375,19326.4,14183.09017574567,19.599999999999998,15.086417732516887,10.299999999999999,7.543208866258444,10.299999999999999,7.543208866258444,3.4,2.2211108331943574,0.0,0.0,0.0,0.0,1.0,0.0
44000.0,3.456053,0.001967,508388.40874428063,0.039952,25030.0360432519,2.134288869508438E-7,43000.0,88.57906976744187,74.51303707522804,75.25695284159613,68.02318010157575,87.3995588337122,83.09291837367026,91.37710041613259,88.46866613634101,88.16481589713618,88.77251637554585,86.35598244123751,78.57282375154632,94.13914113092869,0.0,412544.0,10.0,22779.5,18060.756156497002,19735.2,14308.393285061746,20.2,15.237380935639097,10.599999999999998,7.618690467819547,10.599999999999998,7.618690467819547,3.4,2.2211108331943574,0.0,0.0,0.0,0.0,1.0,0.0
45000.0,3.516816,0.001813,551571.9801434088,0.045111,22167.542284586907,2.183742322814133E-7,44000.0,88.54318181818182,74.43580728909261,75.19192913385825,67.94684300883829,87.36400435731225,83.04235207050829,91.34933845863435,88.4438131891782,88.17058361311523,88.71704276524116,86.31024422828146,78.47787385554426,94.14261460101866,0.0,407384.0,10.0,23174.8,18764.792776781615,19372.0,14962.773955535264,19.6,15.917844633548153,10.299999999999999,7.958922316774077,10.299999999999999,7.958922316774077,3.1999999999999997,2.440400695696417,0.0,0.0,0.0,0.0,1.0,0.0
46000.0,3.589721,0.00187,534759.3582887701,0.056154,17808.170388574275,2.2452543855955198E-7,45000.0,88.5111111111111,74.36105975608788,75.15498101782882,67.87023802125411,87.33049472522308,82.98894445906818,91.32666756140115,88.42502448691374,88.18881118881119,88.66123778501628,86.26272996273916,78.36813323390504,94.15732669157326,0.0,409784.0,10.0,23677.1,19348.41397720581,19536.0,15124.288633409065,19.799999999999997,16.11624439295127,10.399999999999999,8.058122196475635,10.399999999999999,8.058122196475635,3.1999999999999997,2.440400695696417,0.0,0.0,0.0,0.0,1.0,0.0
47000.0,3.660891,0.00201,497512.43781094527,0.050523,19792.96558003286,2.3013628564154103E-7,46000.0,88.53478260869565,74.41152946422139,75.18351214003387,67.92751155436633,87.35522625561974,83.02105466486384,91.34530178213923,88.44865615012903,88.21235547649997,88.68495682375809,86.28850087486528,78.40681058072363,94.17019116900693,0.0,412856.0,10.0,24278.100000000002,19825.831121432355,19912.0,15443.122309515866,20.2,16.443843832875572,10.6,8.221921916437786,10.6,8.221921916437786,3.1999999999999997,2.440400695696417,0.0,0.0,0.0,0.0,1.0,0.0
48000.0,3.739729,0.002004,499001.996007984,0.057845,17287.578874578616,2.3662501638755195E-7,47000.0,88.53617021276595,74.40435391121557,75.15218594355284,67.91520276305603,87.35341131373991,83.0085146641438,91.35013645850056,88.45535497476806,88.23411102172165,88.67659892781448,86.27858503679049,78.36727402643801,94.18989604714295,0.0,419088.0,10.0,24863.599999999995,20325.319875575005,20454.399999999998,15793.677632380482,20.799999999999997,16.85098084847157,10.899999999999999,8.425490424235784,10.899999999999999,8.425490424235784,3.3,2.5407785333546005,0.0,0.0,0.0,0.0,1.0,0.0
49000.0,3.813992,0.001577,634115.4090044388,0.056641,17655.055525149626,2.4305921241020155E-7,48000.0,88.54375,74.41042780108393,75.13002577902401,67.89467538533395,87.35360160745334,83.0062733706233,91.35934381923602,88.44672903787736,88.1812212738017,88.712236801953,86.28716458343104,78.40504407729581,94.16928508956626,0.0,427208.0,10.0,25449.100000000002,20826.55522510731,21256.000000000004,16421.19822397596,21.8,17.64338088034402,11.4,8.82169044017201,11.4,8.82169044017201,3.3,2.5407785333546005,0.0,0.0,0.0,0.0,1.0,0.0
50000.0,3.887935,0.002076,481695.56840077066,0.052617,19005.264458254936,2.4910145185266926E-7,49000.0,88.53061224489795,74.37869007269066,75.0963796694288,67.87102675508802,87.34133356759352,82.98207364341084,91.35065254863333,88.44832668762686,88.22355289421158,88.67310048104216,86.26170752682322,78.3284742468416,94.19494080680484,0.0,427040.0,10.0,26040.000000000004,21328.771923807002,21240.0,16781.57508168474,21.6,17.864925288272424,11.3,8.932462644136212,11.3,8.932462644136212,3.2000000000000006,2.6161889160464784,0.0,0.0,0.0,0.0,1.0,0.0
51000.0,3.968074,0.001338,747384.1554559043,0.057362,17433.143893169694,2.557421117048296E-7,50000.0,88.522,74.38009352891714,75.10195227765728,67.89909385837342,87.34222787132333,82.99706692738424,91.3369662022431,88.44622077374238,88.2386292049893,88.65381234249546,86.26545545847226,78.3433077912635,94.18760312568102,0.0,437296.0,10.0,26954.399999999998,21460.695283341694,22179.999999999996,16564.455117308666,22.6,17.63330182731905,11.8,8.816650913659524,11.8,8.816650913659524,3.5,2.3213980461973533,0.0,0.0,0.0,0.0,1.0,0.0
52000.0,4.039609,0.002139,467508.1813931744,0.052057,19209.712430604915,2.6192662972749925E-7,51000.0,88.54509803921569,74.41855769945904,75.15945233438217,67.93281370073554,87.36183654644715,83.0134915096534,91.35901076795646,88.46992211128406,88.26439126939961,88.67545295316852,86.2811651572735,78.35226960865032,94.21006070589671,0.0,441104.0,10.0,27859.3,21592.84367588278,22556.0,16113.40973640692,23.0,17.126976771553505,12.0,8.563488385776752,12.0,8.563488385776752,3.6999999999999997,2.057506581601462,0.0,0.0,0.0,0.0,1.0,0.0
53000.0,4.116418,0.001915,522193.21148825064,0.054347,18400.2796842512,2.6838265423766433E-7,52000.0,88.53076923076924,74.38812431381174,75.12408759124088,67.90096878363833,87.34740717953564,82.9940119760479,91.34774408820543,88.45793753709891,88.25883922615077,88.65703584804709,86.26441503277485,78.32194176847317,94.20688829707652,0.0,443560.0,10.0,28435.8,22122.022359831593,22943.2,16879.52709184841,23.6,18.20988742414406,12.3,9.10494371207203,12.3,9.10494371207203,3.6,2.4129281427805145,0.0,0.0,0.0,0.0,1.0,0.0
54000.0,4.191661,0.001321,757002.271006813,0.056616,17662.851490744666,2.7508148445437344E-7,53000.0,88.52452830188679,74.3904357486274,75.1511684915836,67.91517197721039,87.34688430357777,83.00737594993294,91.33716955332726,88.44816503049601,88.23878823878823,88.65754182220378,86.27269071782993,78.36155509838053,94.18382633727931,0.0,446936.0,10.0,28848.0,22857.3840682709,23132.000000000004,17570.150951100124,23.6,18.69164994797885,12.3,9.345824973989425,12.3,9.345824973989425,3.5,2.592724864350674,0.0,0.0,0.0,0.0,1.0,0.0
55000.0,4.25354,0.001214,823723.2289950576,0.046752,21389.45927446954,2.806180103826853E-7,54000.0,88.53518518518518,74.42255924979867,75.1754280444284,67.95714507530666,87.36134878728362,83.03510262242074,91.34210636720881,88.45533248850019,88.2359792673694,88.67468570963099,86.29409449929877,78.41320774246972,94.17498125612781,0.0,446176.0,10.0,29051.6,23786.722025346644,22983.199999999997,18268.674322761108,23.8,19.645751590498023,12.4,9.822875795249011,12.4,9.822875795249011,3.5,2.718251071716682,0.0,0.0,0.0,0.0,1.0,0.0
56000.0,4.321378,0.001295,772200.7722007722,0.050683,19730.48162105637,2.8675198550853454E-7,55000.0,88.54181818181817,74.43133024111151,75.17235945317731,67.96624815737303,87.36681685134214,83.03633916554509,91.34934797529168,88.46604900566392,88.2581826504921,88.67391536083574,86.29456638710039,78.39788553420757,94.1912472399932,0.0,456168.0,10.0,29651.6,24277.286431742923,24043.2,18513.004179044885,24.599999999999994,19.704483415371907,12.799999999999997,9.852241707685954,12.799999999999997,9.852241707685954,3.6,2.756809750418044,0.0,0.0,0.0,0.0,1.0,0.0
57000.0,4.377671,0.001442,693481.2760055478,0.041982,23819.73226620933,2.9185007270011625E-7,56000.0,88.55178571428571,74.45743870621968,75.19250860968154,67.99301048427358,87.37784573333103,83.05716324427179,91.35529456183168,88.4689127822877,88.24123989218329,88.69658567239213,86.31336259624128,78.44840497229295,94.1783202201896,0.0,453816.0,10.0,30260.000000000004,24791.065272257532,23884.0,18717.307023774072,24.4,19.912028748695818,12.7,9.956014374347909,12.7,9.956014374347909,3.6,2.756809750418044,0.0,0.0,0.0,0.0,1.0,0.0
58000.0,4.444808,0.001222,818330.6055646482,0.051898,19268.565262630545,2.9816334104372385E-7,57000.0,88.55087719298245,74.47045675275321,75.19102832161187,68.02234417875343,87.38330590976327,83.07660391058555,91.34918741217953,88.46777022266059,88.23885859086651,88.69668185445465,86.32510700167795,78.48498211573326,94.16523188762264,0.0,459408.0,10.0,30865.7,25291.613884843333,24436.0,19184.985332864402,25.0,20.417857108151406,13.0,10.208928554075703,13.0,10.208928554075703,3.6,2.756809750418044,0.0,0.0,0.0,0.0,1.0,0.0
59000.0,4.514753,0.001564,639386.189258312,0.051886,19273.02162433026,3.0459448073887155E-7,58000.0,88.52241379310345,74.40306223559838,75.12052920731024,67.92889145830323,87.34867787901172,83.02954597598593,91.32898284553164,88.42980449369485,88.17477936000866,88.68482962738105,86.293667287087,78.45168127950669,94.1356532946673,0.0,465096.0,10.0,31756.699999999997,25429.55193405237,24852.0,18766.934989200792,25.599999999999998,20.178095934838737,13.299999999999999,10.089047967419368,13.299999999999999,10.089047967419368,3.8000000000000003,2.5298221281347035,0.0,0.0,0.0,0.0,1.0,0.0
60000.0,4.586681,0.001585,630914.8264984227,0.052827,18929.713972021884,3.111313465030656E-7,59000.0,88.50169491525423,74.3614255471699,75.09087571140077,67.8924700648398,87.32970531085691,83.00430904900291,91.31192049587624,88.41670394593015,88.1826892366656,88.65071865519471,86.26910929374422,78.40037860861334,94.1378399788751,0.0,464384.0,10.0,32356.000000000004,25934.450198743583,25000.0,18981.055350591607,25.599999999999998,20.178095934838737,13.299999999999999,10.089047967419368,13.299999999999999,10.089047967419368,3.8000000000000003,2.5298221281347035,0.0,0.0,0.0,0.0,1.0,0.0
61000.0,4.650762,0.001166,857632.9331046313,0.046764,21383.970575656487,3.1688889247261805E-7,60000.0,88.505,74.36851216203506,75.07318659872058,67.91496092296241,87.3359532740986,83.00771144891473,91.31480525368023,88.43324801672064,88.23591032893358,88.63058570450768,86.26555562636902,78.3644229427362,94.16668831000182,0.0,464336.0,10.0,32964.1,26441.39936391836,24995.200000000004,19455.324622780725,25.6,20.721432811892566,13.299999999999999,10.360716405946281,13.299999999999999,10.360716405946281,3.6,2.756809750418044,0.0,0.0,0.0,0.0,1.0,0.0
62000.0,4.721147,0.001284,778816.199376947,0.051926,19258.175095327966,3.2334974102675905E-7,61000.0,88.50655737704918,74.3747973272725,75.02938348114114,67.91451192165118,87.33682365729383,83.01475397921361,91.31474301004671,88.42510047200366,88.2007722007722,88.64942874323512,86.27500872931722,78.40472267984624,94.14529477878818,0.0,469352.0,10.0,33265.9,27278.181840886034,25200.0,19641.77679222416,25.799999999999997,20.895507225770377,13.399999999999997,10.447753612885188,13.399999999999997,10.447753612885188,3.6999999999999997,2.8303906287138374,0.0,0.0,0.0,0.0,1.0,0.0
63000.0,4.785932,0.001985,503778.3375314862,0.048066,20804.72683393667,3.294085801579057E-7,62000.0,88.51935483870967,74.40280341237596,75.05082369435682,67.9484870317003,87.35079076375165,83.03299008390542,91.32459048361935,88.43923806578447,88.21860912728562,88.65986700428331,86.28880940964177,78.42316178125985,94.15445703802368,0.0,467928.0,10.0,33869.2,27779.4639369125,25203.2,19967.380047356128,26.2,21.627143439052077,13.6,10.813571719526038,13.6,10.813571719526038,3.6999999999999997,2.8303906287138374,0.0,0.0,0.0,0.0,1.0,0.0
64000.0,4.84743,0.001748,572082.3798627002,0.044848,22297.538351765965,3.3516422747944783E-7,63000.0,88.51746031746032,74.3989123966006,75.05001034696834,67.94292298147656,87.34862094699501,83.03072953319258,91.32301787213626,88.43613087136141,88.21213178487764,88.66012995784521,86.28753259854047,78.42424779545354,94.15081740162738,0.0,477472.0,10.0,34478.80000000001,28299.85709347507,26291.999999999996,20915.308163055008,27.0,22.29100466306732,14.0,11.14550233153366,14.0,11.14550233153366,3.8000000000000003,2.936362072739365,0.0,0.0,0.0,0.0,1.0,0.0
65000.0,4.912602,0.001327,753579.5026375282,0.049145,20347.949944043135,3.4146288856243087E-7,64000.0,88.5171875,74.4003165178446,75.05685096561791,67.95028347143482,87.34992105401712,83.03280770207559,91.32216278767699,88.43933556043663,88.22490432734766,88.65376679352562,86.28701923689374,78.41786228249967,94.15617619128783,0.0,482392.0,10.0,35082.9,28777.128084064723,26487.199999999997,21047.322916598096,27.2,22.419237770767815,14.1,11.209618885383907,14.1,11.209618885383907,3.8000000000000003,2.936362072739365,0.0,0.0,0.0,0.0,1.0,0.0
66000.0,4.971538,0.00124,806451.6129032258,0.043354,23065.922406237027,3.4705827549720794E-7,65000.0,88.51230769230769,74.39816246541086,75.07593711405588,67.95554029697021,87.34828580992342,83.03764112582631,91.31532118307959,88.43399525788041,88.21797470798339,88.65001580777742,86.28891168130772,78.43196155001502,94.14586181260043,0.0,485016.0,10.0,35980.7,28925.751011281744,26892.0,20614.380740961715,27.6,21.930192277618847,14.3,10.965096138809423,14.3,10.965096138809423,4.0,2.70801280154532,0.0,0.0,0.0,0.0,1.0,0.0
67000.0,5.035296,0.001092,915750.9157509157,0.045858,21806.445985433293,3.5300826011225574E-7,66000.0,88.5090909090909,74.38028923426272,75.0518109148327,67.91063721756791,87.33753562999289,83.01912140074336,91.31649453845978,88.41817542769601,88.16759404575069,88.66875680964134,86.28299187321362,78.43875608208167,94.12722766434557,0.0,489872.0,10.0,36499.8,29544.77552536902,27444.0,21202.20910922046,28.2,22.572352804063453,14.6,11.286176402031726,14.6,11.286176402031726,4.0,2.70801280154532,0.0,0.0,0.0,0.0,1.0,0.0
68000.0,5.092463,0.001257,795544.9482895783,0.041689,23987.142891410207,3.584687708794242E-7,67000.0,88.50597014925373,74.36215241190509,75.02108336036328,67.87100004172056,87.32784137284906,82.9996247157774,91.31802347211418,88.40796614402566,88.13821557503869,88.67771671301263,86.2737908984728,78.42720066750104,94.12038112944458,0.0,491488.0,10.0,37092.6,30078.821147112798,27603.200000000008,21768.929932360024,28.4,23.171821968359186,14.7,11.585910984179593,14.7,11.585910984179593,3.9000000000000004,3.034981237357344,0.0,0.0,0.0,0.0,1.0,0.0
69000.0,5.152471,0.001249,800640.512409928,0.043183,23157.26095917375,3.6414010971577625E-7,68000.0,88.52794117647059,74.4038772900218,75.06552451575786,67.91164493439184,87.34827451495146,83.0224814468215,91.33713118121953,88.42837397478121,88.15455007625826,88.70219787330414,86.29424219264197,78.45508390918066,94.13340047610328,0.0,493392.0,10.0,37483.5,30830.383582325623,27791.199999999997,22178.940465625896,28.6,23.62296434498525,14.799999999999999,11.811482172492624,14.799999999999999,11.811482172492624,3.9000000000000004,3.034981237357344,0.0,0.0,0.0,0.0,1.0,0.0
70000.0,5.216836,0.001651,605693.5190793459,0.046048,21716.46977067408,3.7035856173891153E-7,69000.0,88.5231884057971,74.40093279473881,75.06140958619388,67.92758494998178,87.34873297238835,83.0250155409316,91.33104905362947,88.43479581683174,88.19162985564006,88.67796177802343,86.2890222545827,78.43026081321885,94.14778369594656,0.0,503936.0,10.0,38085.7,31348.418826154535,28760.0,22897.96342229782,29.6,24.368467785690225,15.3,12.184233892845112,15.3,12.184233892845112,4.0,3.1269438398822866,0.0,0.0,0.0,0.0,1.0,0.0
71000.0,5.296175,0.001922,520291.36316337145,0.058336,17142.073505211192,3.7824586476095843E-7,70000.0,88.53571428571428,74.43063471030955,75.07686574117209,67.97046497705048,87.36430685791218,83.04565525109332,91.33995920877983,88.45301726441606,88.22552408313507,88.68051044569705,86.30207104331224,78.44029374201787,94.16384834460662,0.0,505960.0,10.0,38691.90000000001,31856.427205859458,28960.0,23096.72646357776,29.8,24.570985599550813,15.4,12.285492799775406,15.4,12.285492799775406,4.0,3.1269438398822866,0.0,0.0,0.0,0.0,1.0,0.0
72000.0,5.358452,0.001368,730994.1520467836,0.045449,22002.68432748795,3.8443760095371134E-7,71000.0,88.53943661971832,74.44397926432642,75.09793120332967,67.98221452742584,87.36885447004312,83.05885782099061,91.34076131490173,88.44868191597277,88.19862044570216,88.69874338624338,86.31507520298506,78.48514656698799,94.14500383898212,0.0,511224.0,10.0,39594.1,31990.234136373554,29552.0,22847.032970509663,30.599999999999998,24.473114500065847,15.799999999999999,12.236557250032924,15.799999999999999,12.236557250032924,4.2,2.8982753492378874,0.0,0.0,0.0,0.0,1.0,0.0
73000.0,5.425478,0.001388,720461.0951008647,0.049195,20327.26903140563,3.9125187844865847E-7,72000.0,88.51388888888889,74.39775449284947,75.0490270025645,67.94325141483837,87.34672969036995,83.03520144416181,91.31776760592952,88.42803280640162,88.19120658852238,88.66485902428084,86.29155159061041,78.44877708438311,94.13432609683773,0.0,520736.0,10.0,40102.20000000001,32613.461442920918,30418.4,23621.430586087146,31.400000000000002,25.171412356083636,16.2,12.585706178041818,16.2,12.585706178041818,4.2,2.8982753492378874,0.0,0.0,0.0,0.0,1.0,0.0
74000.0,5.486399,0.001315,760456.2737642586,0.043068,23219.095384043838,3.9724167140614653E-7,73000.0,88.51232876712328,74.38478923261394,75.02754533813763,67.92257965803465,87.34162174589746,83.0194792046329,91.32009853644401,88.42974629337479,88.20239222097926,88.65710036577032,86.27995035285065,78.41187270501835,94.14802800068294,0.0,521672.0,10.0,40608.99999999999,33246.64723279961,30655.200000000004,24708.093918120572,32.0,26.704140336492973,16.5,13.352070168246486,16.5,13.352070168246486,4.0,3.1269438398822866,0.0,0.0,0.0,0.0,1.0,0.0
75000.0,5.552546,0.001265,790513.8339920948,0.046628,21446.341254182036,4.0377405129166113E-7,74000.0,88.52972972972974,74.41186080940373,75.05656939669106,67.94077655234932,87.35497227462045,83.02943058221368,91.33736120182886,88.44471964157236,88.21105399549684,88.67838528764788,86.29175210693506,78.42278203723987,94.16072217663026,0.0,527232.0,10.0,41100.9,33876.60020476278,30987.2,25121.934589340668,32.0,26.704140336492973,16.5,13.352070168246486,16.5,13.352070168246486,4.0,3.1269438398822866,0.0,0.0,0.0,0.0,1.0,0.0
76000.0,5.613605,0.001324,755287.0090634441,0.043378,23053.16058831666,4.0991606381411356E-7,75000.0,88.536,74.42667989212421,75.07464849978258,67.96572280178839,87.36343861108435,83.0394129482779,91.34191287535496,88.45714770403762,88.24047289649101,88.67382251158425,86.29644505437034,78.41734659662457,94.1755435121161,0.0,531112.0,10.0,41719.8,34382.77400676101,31370.399999999998,25465.79909167937,32.4,27.13013904211411,16.7,13.565069521057055,16.7,13.565069521057055,4.0,3.1269438398822866,0.0,0.0,0.0,0.0,1.0,0.0
77000.0,5.6772,0.001168,856164.3835616439,0.045597,21931.267407943506,4.163366913298766E-7,76000.0,88.5592105263158,74.47614632917623,75.1223140968785,68.02250744731712,87.38781282100757,83.0708124841806,91.36020826916007,88.48095734332857,88.26596052794903,88.69595415870812,86.32134933532086,78.45322153574581,94.18947713489591,0.0,530712.0,10.0,42313.4,34892.80798292584,31404.0,25502.330699587266,32.4,27.13013904211411,16.7,13.565069521057055,16.7,13.565069521057055,4.0,3.1269438398822866,0.0,0.0,0.0,0.0,1.0,0.0
78000.0,5.73497,0.001189,841042.8931875526,0.041053,24358.755754756046,4.2210704382922914E-7,77000.0,88.5987012987013,74.56573531747762,75.22925425354815,68.13661440185831,87.43278153368533,83.131256845301,91.38950734133017,88.52699157266434,88.3299305839118,88.72405256141688,86.36529052073747,78.51050702282873,94.22007401864623,0.0,528032.0,10.0,42912.700000000004,35417.7527897773,31283.200000000008,25395.637406627327,32.800000000000004,27.543097542255886,16.900000000000002,13.771548771127943,16.900000000000002,13.771548771127943,4.0,3.1269438398822866,0.0,0.0,0.0,0.0,1.0,0.0
79000.0,5.795142,0.00145,689655.1724137932,0.040747,24541.684050359538,4.2802652401642666E-7,78000.0,88.60384615384615,74.57565887187624,75.24024400434529,68.14435206422019,87.43722039990831,83.1369870809857,91.39388306369631,88.529807250258,88.32634633989036,88.73326816062566,86.37127300808987,78.52356208564774,94.21898393053199,0.0,542256.0,10.0,43493.00000000001,35912.40190302571,32543.2,26032.969851495793,33.8,27.907784656694705,17.4,13.953892328347353,17.4,13.953892328347353,4.0,3.1269438398822866,0.0,0.0,0.0,0.0,1.0,0.0
80000.0,5.869881,0.00133,751879.6992481203,0.054587,18319.38007217836,4.359318925792144E-7,79000.0,88.60379746835443,74.57926072183889,75.23995489673001,68.16027726694016,87.4403542153763,83.14139655075557,91.39267856630688,88.53733429570576,88.35469235055321,88.7199762408583,86.3702246845271,78.50903561198147,94.23141375707273,0.0,546488.0,10.0,44093.2,36415.52772223532,33032.0,26874.886286064335,34.599999999999994,28.91827565168204,17.799999999999997,14.45913782584102,17.799999999999997,14.45913782584102,4.0,3.1269438398822866,0.0,0.0,0.0,0.0,1.0,0.0
81000.0,5.934426,0.001185,843881.8565400844,0.045542,21957.753282684116,4.4260676631290047E-7,80000.0,88.60875,74.5858976579983,75.23977720418422,68.15863032844166,87.44280281244319,83.14311610957992,91.39787991202483,88.53734968369022,88.34119496855347,88.73350439882698,86.37498822957572,78.52276300618428,94.22721345296716,0.0,552176.0,10.0,44696.4,36906.46729895573,33595.2,27330.138401893735,34.80000000000001,29.127306775601486,17.900000000000006,14.563653387800743,17.900000000000006,14.563653387800743,4.0,3.1269438398822866,0.0,0.0,0.0,0.0,1.0,0.0
82000.0,6.003173,0.001745,573065.9025787966,0.047564,21024.304095534437,4.497218075063493E-7,81000.0,88.6283950617284,74.63165431770615,75.27845621192195,68.21930096953386,87.46595364434546,83.17471915243401,91.41205538203347,88.56152545863604,88.37778036566904,88.74527055160304,86.39715667860068,78.55023461219983,94.24407874500153,0.0,557768.0,10.0,45310.1,37411.44616721228,34001.600000000006,27736.384909036402,35.4,29.766498693068428,18.2,14.883249346534214,18.2,14.883249346534214,4.1,3.212821536005731,0.0,0.0,0.0,0.0,1.0,0.0
83000.0,6.070699,0.001566,638569.6040868455,0.04825,20725.38860103627,4.570158894194496E-7,82000.0,88.62560975609756,74.63480892538409,75.29140616721415,68.23337079799734,87.46725287921767,83.18338351693922,91.4066170983167,88.56008118502578,88.37975556492088,88.74040680513068,86.40106673622968,78.56413050882092,94.23800296363844,0.0,565984.0,10.0,46216.100000000006,37543.568975702525,34959.200000000004,27727.113264015705,36.199999999999996,29.517603034272426,18.599999999999998,14.758801517136213,18.599999999999998,14.758801517136213,4.3999999999999995,3.0258148581093907,0.0,0.0,0.0,0.0,1.0,0.0
84000.0,6.137805,0.001245,803212.8514056224,0.046251,21621.154137207843,4.640658215019437E-7,83000.0,88.62771084337349,74.62872012495258,75.29122274286014,68.20386714276091,87.46253136157524,83.17258838001177,91.41183000172873,88.55091542319727,88.33977126410664,88.76205958228788,86.40057722237344,78.57648128810591,94.22467315664097,0.0,573760.0,10.0,46719.5,38175.15222482929,35653.600000000006,28426.641663528717,37.0,30.331501776206203,19.0,15.165750888103101,19.0,15.165750888103101,4.6,3.204163957519444,0.0,0.0,0.0,0.0,1.0,0.0
85000.0,6.213552,0.001285,778210.1167315176,0.052059,19208.97443285503,4.7201867136690345E-7,84000.0,88.63809523809523,74.65741843002601,75.33212716464203,68.24699737166051,87.47699740756877,83.19540796563018,91.41772925921263,88.56503476543551,88.36400359066428,88.76606594020676,86.41536907873085,78.59804378202142,94.23269437544029,0.0,576288.0,10.0,47624.200000000004,38294.913459158575,35904.0,28530.51824119413,37.2,30.367380159931113,19.1,15.183690079965558,19.1,15.183690079965558,4.6,3.204163957519444,0.0,0.0,0.0,0.0,1.0,0.0
86000.0,6.279853,0.001427,700770.8479327259,0.044065,22693.747872461136,4.789313896331522E-7,85000.0,88.64235294117647,74.66438039728139,75.32839253769487,68.24655461632076,87.47932296425954,83.19874695440306,91.42171672294296,88.56346970091965,88.34639266706091,88.78054673477841,86.42139832235924,78.61794500723589,94.2248516374826,0.0,587376.0,10.0,48510.5,38436.88669393272,36998.4,28626.648358944618,38.39999999999999,30.478407657443867,19.699999999999996,15.239203828721934,19.699999999999996,15.239203828721934,4.8,2.936362072739365,0.0,0.0,0.0,0.0,1.0,0.0
87000.0,6.344018,0.001254,797448.1658692185,0.041975,23823.704586063133,4.855370055904818E-7,86000.0,88.66744186046512,74.71824993567625,75.3758306172465,68.30466031415655,87.50504183700552,83.23355353702175,91.44126738794436,88.5853171551461,88.35926656439477,88.81136774589744,86.45079645366589,78.669918699187,94.2316742081448,0.0,590664.0,10.0,48900.3,39197.34414203199,37396.0,29356.833313935993,38.8,31.261620061808834,19.9,15.630810030904417,19.9,15.630810030904417,4.6,3.204163957519444,0.0,0.0,0.0,0.0,1.0,0.0
88000.0,6.412416,0.001277,783085.3563038372,0.04709,21235.931195582925,4.92989997247027E-7,87000.0,88.6632183908046,74.71451298687656,75.36282566882323,68.30655526992288,87.50307831595529,83.2350291512978,91.43606352403857,88.58193147968511,88.35799350415013,88.8058694552201,86.45018798878816,78.67356447414929,94.22681150342704,0.0,595640.0,10.0,49791.700000000004,39345.918619484684,37960.0,29388.994463158408,39.4,31.280807037045715,20.2,15.640403518522858,20.2,15.640403518522858,4.7,3.1287200080686173,0.0,0.0,0.0,0.0,1.0,0.0
89000.0,6.475176,0.001298,770416.0246533129,0.043431,23025.028205659553,4.999726575199101E-7,88000.0,88.64318181818182,74.66833162771128,75.30943498777083,68.23974322305907,87.47854637620787,83.20392591845653,91.42131195385329,88.5517884642966,88.29992152386387,88.80365540472934,86.43100801335181,78.66403965933647,94.19797636736715,0.0,603440.0,10.0,50183.5,40129.72801704769,38512.0,29819.88717468782,40.0,31.766509268585228,20.5,15.883254634292614,20.5,15.883254634292614,4.7,3.1287200080686173,0.0,0.0,0.0,0.0,1.0,0.0
90000.0,6.536965,0.001257,795544.9482895783,0.041855,23892.00812328276,5.067052964121103E-7,89000.0,88.66067415730338,74.70384174936451,75.34447376136032,68.28409805153993,87.49716174120816,83.22473404255318,91.43584521384929,88.57460944195813,88.33762659232859,88.81159229158767,86.44561179640158,78.67131768329091,94.21990590951224,0.0,603656.0,10.0,50765.1,40680.39124265591,38678.399999999994,30822.13779881092,40.2,32.85253245777088,20.6,16.42626622888544,20.6,16.42626622888544,4.5,3.3747427885527643,0.0,0.0,0.0,0.0,1.0,0.0
91000.0,6.598646,0.001411,708717.2218284905,0.042002,23808.390076663018,5.134833240819474E-7,90000.0,88.67666666666668,74.74109157579397,75.37513591881118,68.33519761372112,87.51632424435567,83.25033282382525,91.44741811223848,88.59582847331458,88.37322911577918,88.81842783084998,86.46280998042334,78.68883020040391,94.23678976044279,0.0,603512.0,10.0,50669.8,42009.846004108236,38518.4,31434.595814873213,40.2,33.628030635831834,20.6,16.814015317915917,20.6,16.814015317915917,4.4,3.438345855527367,0.0,0.0,0.0,0.0,1.0,0.0
92000.0,6.664676,0.001189,841042.8931875526,0.045571,21943.780035548923,5.208814644296136E-7,91000.0,88.67582417582418,74.73907972265681,75.37810909612215,68.33031131872524,87.51488983870125,83.24907752076594,91.4467841402379,88.59275795365302,88.36398771524208,88.82152819206398,86.46293432688755,78.6939151813153,94.23195347245981,0.0,611576.0,10.0,51364.299999999996,42386.23391319927,39242.4,31691.138793745555,40.8,33.77638886033325,20.9,16.888194430166624,20.9,16.888194430166624,4.4,3.438345855527367,0.0,0.0,0.0,0.0,1.0,0.0
93000.0,6.731087,0.001206,829187.3963515754,0.046061,21710.340635244567,5.283662762451502E-7,92000.0,88.68369565217391,74.76645958056145,75.3993383742911,68.37484811664642,87.52825526585876,83.27415856695318,91.44922179787277,88.60329954688818,88.38153048697312,88.82506860680324,86.47898577407815,78.72482609884268,94.23314544931362,0.0,612104.0,10.0,51895.6,42978.70577700853,39438.399999999994,32381.08941685289,41.400000000000006,34.88138631291926,21.200000000000003,17.44069315645963,21.200000000000003,17.44069315645963,4.4,3.438345855527367,0.0,0.0,0.0,0.0,1.0,0.0
94000.0,6.805439,0.002258,442869.7962798937,0.049511,20197.531861606512,5.366806646105315E-7,93000.0,88.65806451612903,74.70565276430227,75.33727699969604,68.29766770858379,87.498419107697,83.23105783599884,91.43121740401956,88.57585074568885,88.34925242161395,88.80244906976377,86.4468840995592,78.67339885192199,94.22036934719641,0.0,620816.0,10.0,52798.7,43127.019512262974,40226.399999999994,31899.738944247034,42.2,34.41188425206876,21.6,17.20594212603438,21.6,17.20594212603438,4.6,3.204163957519444,0.0,0.0,0.0,0.0,1.0,0.0
95000.0,6.888637,0.00189,529100.5291005292,0.054535,18336.847895846702,5.457661878855691E-7,94000.0,88.65425531914893,74.69755929604554,75.33647842375467,68.2929004637888,87.49529360377745,83.2255933562969,91.42829586645341,88.57611936325515,88.36083093981698,88.79140778669331,86.44052682546963,78.65445788863454,94.22659576230473,0.0,622416.0,10.0,53403.1,43661.21888523549,40603.200000000004,32318.26974466438,42.4,34.46157280218069,21.7,17.230786401090345,21.7,17.230786401090345,4.6,3.204163957519444,0.0,0.0,0.0,0.0,1.0,0.0
96000.0,6.956675,0.001363,733675.7153338224,0.044912,22265.764161026007,5.532110427113042E-7,95000.0,88.64315789473685,74.67770820294396,75.31855512090225,68.27324589778276,87.48516733864108,83.21588027566466,91.41816272798862,88.56418911357065,88.34643588557839,88.7819423415629,86.43212160761337,78.64851354132972,94.215729673897,0.0,621888.0,10.0,53796.4,44424.28680900672,40551.2,33340.612207936436,42.2,35.53026878592392,21.6,17.76513439296196,21.6,17.76513439296196,4.4,3.438345855527367,0.0,0.0,0.0,0.0,1.0,0.0
97000.0,7.026228,0.001199,834028.3569641368,0.048215,20740.433475059628,5.612987654531994E-7,96000.0,88.65416666666667,74.70118693747959,75.33458638103218,68.29481283111137,87.4956944130422,83.2312097792284,91.42672732710986,88.57044134632991,88.33948821856924,88.80139447409061,86.44671754042987,78.68141464124582,94.21202043961392,0.0,632672.0,10.0,54292.1,45047.29642017007,41542.40000000001,33829.40623251382,43.6,36.30794219818395,22.3,18.153971099091976,22.3,18.153971099091976,4.4,3.438345855527367,0.0,0.0,0.0,0.0,1.0,0.0
98000.0,7.094576,0.001124,889679.7153024911,0.043182,23157.79723032745,5.685921697070199E-7,97000.0,88.6618556701031,74.71585920358233,75.34854529968172,68.30182153562372,87.50146711865395,83.23986589454435,91.43324505374669,88.57075284208358,88.31937392879087,88.8221317553763,86.45769169121766,78.71285701933884,94.20252636309648,0.0,636312.0,10.0,54883.999999999985,45572.82063784167,41903.2,34519.87123962081,43.6,36.74597483625474,22.3,18.37298741812737,22.3,18.37298741812737,4.4,3.438345855527367,0.0,0.0,0.0,0.0,1.0,0.0
99000.0,7.162179,0.00109,917431.1926605505,0.045163,22142.018909284147,5.763042924739418E-7,98000.0,88.67551020408163,74.74676156782049,75.38099780385544,68.33756526204672,87.51629521110819,83.26093514328807,91.44333076329993,88.58332033921312,88.32885304659499,88.83778763183126,86.47466970902973,78.7430103845715,94.20632903348796,0.0,644520.0,10.0,55774.5,45698.799637165284,42494.399999999994,34214.3814440653,44.60000000000001,36.815455691567614,22.800000000000004,18.407727845783807,22.800000000000004,18.407727845783807,4.6,3.204163957519444,0.0,0.0,0.0,0.0,1.0,0.0
100000.0,7.231304,0.001183,845308.5376162298,0.047934,20862.0186089206,5.845582984946666E-7,99000.0,88.68686868686869,74.76798874371215,75.38840178434089,68.35353620977087,87.5258901316089,83.27259692932672,91.45325234272458,88.58986131621371,88.32213914586238,88.85758348656503,86.48717240578199,78.76921338155516,94.2051314300088,0.0,649584.0,10.0,56380.79999999999,46212.76583081057,42994.4,34704.12623305765,45.0,37.130400841718185,23.0,18.565200420859096,23.0,18.565200420859096,4.6,3.204163957519444,0.0,0.0,0.0,0.0,1.0,0.0
